[
  {
    "id": "morning-habits",
    "title": "5 Morning Habits That Will Change Your Life",
    "summary": "Learn simple morning routines to boost productivity and positivity every day.",
    "category": "personal-growth",
    "content": "<p>Start small, focus on consistency, and build daily routines...</p><ul><li>Wake up early</li><li>Exercise</li><li>Meditate</li></ul>",
    "thumbnail": "assets/blog1.jpg",
    "author": "John Doe",
    "date": "Sep 24, 2025",
    "video": "https://www.youtube.com/embed/vGRW3F5MKG0"
  },
  {
    "id": "stay-motivated",
    "title": "How to Stay Motivated When Life Gets Tough",
    "summary": "Discover actionable strategies to maintain motivation even during challenges.",
    "category": "inspirational-stories",
    "content": "<p>Life can be challenging, but motivation can be regained with...</p>",
    "thumbnail": "assets/blog2.jpg",
    "author": "Jane Smith",
    "date": "Sep 22, 2025",
    "video": "https://www.youtube.com/embed/coBDEAEHnLk"
  }
]
