[
  {
    "title": "Short Motivation Boost 1",
    "description": "A quick 1-minute video to energize your day.",
    "category": "quick-clips",
    "youtube": "https://youtube.com/shorts/LrSdlCeB4PQ?si=mdFEl2UGjZ4jU5sW"
  },
  {
    "title": "Morning Inspiration",
    "description": "Start your day with positivity and focus.",
    "category": "personal-growth",
    "youtube": "https://youtu.be/vGRW3F5MKG0?si=ioeCQJcyMr_OgTeA"
  },
  {
    "title": "Overcoming Challenges",
    "description": "Learn how to face obstacles and keep moving forward.",
    "category": "inspirational-stories",
    "youtube": "https://youtu.be/coBDEAEHnLk?si=9pCwtcyUIk6_hkTA"
  },
  {
    "title": "Short Motivation Boost 2",
    "description": "Another quick clip to lift your spirits instantly.",
    "category": "quick-clips",
    "youtube": "https://youtube.com/shorts/ptvBabSDmpw?si=GHVYGRuFlsZ3gm0i"
  },
  {
    "title": "Daily Motivation Talk",
    "description": "A motivating story to keep you inspired all day.",
    "category": "personal-growth",
    "youtube": "https://youtu.be/O50MPoHd3NU?si=aTUaBBA0OHRf0IjP"
  },
  {
    "title": "Success Mindset",
    "description": "Develop the mindset you need for success.",
    "category": "personal-growth",
    "youtube": "https://youtu.be/SydP7OrTVUo?si=hXaKN_exkZ3vqb5O"
  }
]
